{
  "doc9.txt": {
    "data": 0.7133498878774648,
    "science": 2.302585092994046,
    "enables": 2.302585092994046,
    "real": 2.302585092994046,
    "time": 2.302585092994046,
    "monitoring": 2.302585092994046,
    "environmental": 4.605170185988092,
    "conditions": 1.6094379124341003,
    "temperature": 1.6094379124341003,
    "air": 2.302585092994046,
    "quality": 2.302585092994046,
    "sea": 1.6094379124341003,
    "levels": 1.6094379124341003,
    "satellite": 2.302585092994046,
    "processed": 2.302585092994046,
    "using": 2.302585092994046,
    "ai": 1.2039728043259361,
    "machine": 0.6931471805599453,
    "learning": 0.6931471805599453,
    "techniques": 2.302585092994046,
    "climate": 1.2039728043259361,
    "models": 1.6094379124341003,
    "benefit": 2.302585092994046,
    "analytics": 1.6094379124341003,
    "improve": 2.302585092994046,
    "predictive": 1.2039728043259361,
    "accuracy": 2.302585092994046,
    "sustainable": 1.2039728043259361,
    "development": 1.6094379124341003,
    "depends": 2.302585092994046,
    "intelligence": 0.5108256237659907
  },
  "doc8.txt": {
    "quantum": 4.828313737302301,
    "computing": 1.6094379124341003,
    "holds": 1.6094379124341003,
    "transformative": 2.302585092994046,
    "potential": 2.302585092994046,
    "artificial": 0.6931471805599453,
    "intelligence": 0.5108256237659907,
    "cryptography": 1.6094379124341003,
    "superposition": 1.6094379124341003,
    "entanglement": 1.6094379124341003,
    "enable": 2.302585092994046,
    "complex": 2.302585092994046,
    "computations": 1.6094379124341003,
    "beyond": 2.302585092994046,
    "classical": 1.6094379124341003,
    "limits": 2.302585092994046,
    "ai": 1.2039728043259361,
    "applications": 1.2039728043259361,
    "may": 2.302585092994046,
    "leverage": 2.302585092994046,
    "speedups": 2.302585092994046,
    "optimization": 1.6094379124341003,
    "molecular": 1.6094379124341003,
    "modeling": 1.6094379124341003,
    "secure": 2.302585092994046,
    "data": 0.3566749439387324,
    "transmission": 2.302585092994046,
    "integration": 2.302585092994046,
    "machine": 0.6931471805599453,
    "learning": 0.6931471805599453,
    "emerging": 2.302585092994046,
    "field": 2.302585092994046
  },
  "doc10.txt": {
    "artificial": 0.6931471805599453,
    "intelligence": 0.5108256237659907,
    "systems": 1.6094379124341003,
    "become": 2.302585092994046,
    "autonomous": 1.6094379124341003,
    "ethical": 2.302585092994046,
    "considerations": 2.302585092994046,
    "grow": 2.302585092994046,
    "responsible": 2.302585092994046,
    "ai": 1.2039728043259361,
    "development": 1.6094379124341003,
    "requires": 1.6094379124341003,
    "transparency": 2.302585092994046,
    "fairness": 2.302585092994046,
    "accountability": 2.302585092994046,
    "data": 0.3566749439387324,
    "privacy": 2.302585092994046,
    "major": 2.302585092994046,
    "concern": 2.302585092994046,
    "machine": 0.6931471805599453,
    "learning": 0.6931471805599453,
    "models": 1.6094379124341003,
    "explainable": 2.302585092994046,
    "unbiased": 2.302585092994046,
    "ensure": 2.302585092994046,
    "equitable": 2.302585092994046,
    "decision": 1.6094379124341003,
    "making": 1.6094379124341003,
    "sectors": 2.302585092994046,
    "like": 1.6094379124341003,
    "finance": 2.302585092994046,
    "healthcare": 1.6094379124341003,
    "governance": 2.302585092994046
  },
  "doc6.txt": {
    "artificial": 0.6931471805599453,
    "intelligence": 0.5108256237659907,
    "revolutionizing": 2.302585092994046,
    "healthcare": 3.2188758248682006,
    "enabling": 1.6094379124341003,
    "predictive": 1.2039728043259361,
    "diagnostics": 1.6094379124341003,
    "personalized": 2.302585092994046,
    "medicine": 2.302585092994046,
    "robotic": 2.302585092994046,
    "surgery": 2.302585092994046,
    "machine": 0.6931471805599453,
    "learning": 0.6931471805599453,
    "algorithms": 1.6094379124341003,
    "analyze": 2.302585092994046,
    "patient": 2.302585092994046,
    "data": 0.7133498878774648,
    "identify": 2.302585092994046,
    "patterns": 2.302585092994046,
    "suggest": 2.302585092994046,
    "treatments": 2.302585092994046,
    "natural": 1.6094379124341003,
    "language": 1.6094379124341003,
    "processing": 1.6094379124341003,
    "facilitates": 2.302585092994046,
    "clinical": 2.302585092994046,
    "documentation": 2.302585092994046,
    "industry": 2.302585092994046,
    "increasingly": 2.302585092994046,
    "relies": 2.302585092994046,
    "driven": 1.2039728043259361,
    "decision": 1.6094379124341003,
    "making": 1.6094379124341003
  },
  "doc7.txt": {
    "climate": 2.4079456086518722,
    "change": 1.6094379124341003,
    "mitigation": 2.302585092994046,
    "requires": 1.6094379124341003,
    "investment": 2.302585092994046,
    "renewable": 1.6094379124341003,
    "energy": 4.828313737302301,
    "sources": 1.6094379124341003,
    "wind": 1.6094379124341003,
    "solar": 1.6094379124341003,
    "power": 1.6094379124341003,
    "sustainable": 1.2039728043259361,
    "policies": 2.302585092994046,
    "aim": 2.302585092994046,
    "reduce": 2.302585092994046,
    "carbon": 1.6094379124341003,
    "emissions": 1.6094379124341003,
    "promoting": 1.6094379124341003,
    "security": 1.6094379124341003,
    "fossil": 1.2039728043259361,
    "fuel": 1.6094379124341003,
    "dependency": 2.302585092994046,
    "must": 2.302585092994046,
    "decline": 2.302585092994046,
    "support": 2.302585092994046,
    "global": 1.6094379124341003,
    "goals": 2.302585092994046,
    "data": 0.3566749439387324,
    "analysis": 2.302585092994046,
    "informs": 2.302585092994046,
    "efficiency": 2.302585092994046,
    "programs": 2.302585092994046
  },
  "doc5.txt": {
    "machine": 0.6931471805599453,
    "learning": 0.6931471805599453,
    "subset": 2.302585092994046,
    "artificial": 0.6931471805599453,
    "intelligence": 0.5108256237659907,
    "focuses": 2.302585092994046,
    "algorithms": 1.6094379124341003,
    "capable": 2.302585092994046,
    "improving": 2.302585092994046,
    "performance": 2.302585092994046,
    "experience": 2.302585092994046,
    "plays": 2.302585092994046,
    "critical": 2.302585092994046,
    "role": 2.302585092994046,
    "data": 0.3566749439387324,
    "driven": 1.2039728043259361,
    "applications": 1.2039728043259361,
    "recommendation": 2.302585092994046,
    "systems": 1.6094379124341003,
    "predictive": 1.2039728043259361,
    "analytics": 1.6094379124341003
  },
  "doc4.txt": {
    "renewable": 1.6094379124341003,
    "energy": 3.2188758248682006,
    "sources": 1.6094379124341003,
    "like": 1.6094379124341003,
    "solar": 1.6094379124341003,
    "wind": 1.6094379124341003,
    "hydroelectric": 2.302585092994046,
    "power": 1.6094379124341003,
    "provide": 2.302585092994046,
    "sustainable": 1.2039728043259361,
    "alternatives": 2.302585092994046,
    "fossil": 1.2039728043259361,
    "fuels": 2.302585092994046,
    "technologies": 2.302585092994046,
    "contribute": 2.302585092994046,
    "reducing": 2.302585092994046,
    "carbon": 1.6094379124341003,
    "emissions": 1.6094379124341003,
    "promoting": 1.6094379124341003,
    "security": 1.6094379124341003,
    "across": 2.302585092994046,
    "globe": 2.302585092994046
  },
  "doc1.txt": {
    "artificial": 0.6931471805599453,
    "intelligence": 0.5108256237659907,
    "transforming": 2.302585092994046,
    "modern": 2.302585092994046,
    "industries": 2.302585092994046,
    "enabling": 1.6094379124341003,
    "machines": 2.302585092994046,
    "learn": 2.302585092994046,
    "data": 0.3566749439387324,
    "make": 2.302585092994046,
    "autonomous": 3.2188758248682006,
    "decisions": 2.302585092994046,
    "applications": 1.2039728043259361,
    "range": 2.302585092994046,
    "natural": 1.6094379124341003,
    "language": 1.6094379124341003,