{
  "emerging": 0.5621189181535412,
  "trends": 0.5621189181535412,
  "renewable": 0.44628710262841953,
  "energy": 0.44628710262841953,
  "implications": 0.0,
  "modern": 0.0,
  "society": 0.0,
  "challenges": 0.5276327420823719,
  "biotechnology": 0.4620354595965586,
  "societal": 0.7133498878774648,
  "impact": 0.7133498878774648,
  "data": 0.5108256237659907,
  "science": 0.5108256237659907,
  "potential": 0.5108256237659907,
  "risks": 0.5108256237659907,
  "ai": 0.5621189181535412,
  "healthcare": 0.5621189181535412,
  "applications": 0.4155154439616658,
  "climate": 0.616186139423817,
  "change": 0.616186139423817,
  "future": 0.616186139423817,
  "directions": 0.616186139423817,
  "space": 0.653926467406664,
  "exploration": 0.653926467406664,
  "case": 0.5108256237659907,
  "studies": 0.5108256237659907,
  "paper": 0.37106368139083196,
  "explores": 0.37106368139083196,
  "quantum": 0.616186139423817,
  "computing": 0.616186139423817,
  "depth": 0.5978370007556204,
  "look": 0.5978370007556204,
  "historical": 0.5108256237659907,
  "development": 0.5108256237659907,
  "cybersecurity": 0.616186139423817,
  "financial": 0.6733445532637655,
  "technology": 0.6733445532637655,
  "blockchain": 0.49429632181478017
}